{
   "dashboards": [{
      "autoswitchEnabled": false,
      "columnCount": 1,
      "columnProportion": "1",
      "creationTime": 1545659581921,
      "description": "",
      "disabled": false,
      "gridsterMaxColumns": 12,
      "hidden": false,
      "homeTab": false,
      "id": "6fd2859b-8543-4cd5-92e2-0e7fc141a5f2",
      "importAttempts": 0,
      "importComplete": true,
      "isDefault": false,
      "locked": false,
      "name": "[Custom] - vSphere Environment Growth",
      "rank": 88,
      "shared": false,
      "temporary": false,
      "userId": "23e937d4-9b92-48c0-829d-7fc503a6f8cc",
      "widgetInteractions": [
         {
            "type": "resourceId",
            "widgetIdProvider": "89a37a9b-bfac-462e-8008-db87a76bab13",
            "widgetIdReceiver": "c45be6a0-2451-480d-94cb-4605aac76c28"
         },
         {
            "type": "resourceId",
            "widgetIdProvider": "89a37a9b-bfac-462e-8008-db87a76bab13",
            "widgetIdReceiver": "b963923a-df59-4bf9-bed0-33c6c1aa5337"
         },
         {
            "type": "resourceId",
            "widgetIdProvider": "89a37a9b-bfac-462e-8008-db87a76bab13",
            "widgetIdReceiver": "2ba9d7ac-4550-44bb-9d1f-7e3f4960f1be"
         }
      ],
      "widgets": [
         {
            "collapsed": false,
            "config": {
               "resource": {
                  "adapterKindId": "VMWARE",
                  "allowDrag": true,
                  "allowDrop": true,
                  "checked": null,
                  "children": null,
                  "cls": "",
                  "depth": 1,
                  "expandable": true,
                  "expanded": false,
                  "href": "",
                  "hrefTarget": "",
                  "icon": "",
                  "iconCls": "resknd_default_vmware_vsphereworld",
                  "iconSrc": "images/resknd/default/16x16/VMWARE_vSphere World.png",
                  "id": "4d045573-547d-4162-bd18-95f2c9754952",
                  "index": 0,
                  "isFirst": true,
                  "isLast": true,
                  "leaf": false,
                  "loaded": false,
                  "loading": false,
                  "nodeType": "resource",
                  "parentId": "source",
                  "qshowDelay": 0,
                  "qtip": "",
                  "qtitle": "",
                  "resourceId": "resource:id:0_::_",
                  "resourceKindId": "002006VMWAREvSphere World",
                  "resourceKindKey": "vSphere World",
                  "resourceKindType": 8,
                  "resourceName": "vSphere World",
                  "root": false,
                  "rootResourceId": "4d045573-547d-4162-bd18-95f2c9754952",
                  "text": "vSphere World",
                  "traversalSpecId": "vSphere Hosts and Clusters-VMWARE-vSphere World",
                  "uniqueId": "4d045573-547d-4162-bd18-95f2c9754952_1545387971652",
                  "visible": true
               },
               "selfProvider": {"selfProvider": true},
               "title": "Growth Total Environment",
               "viewDefinitionId": "7c05f955-4727-45fe-9a1b-c5c35ee081b8"
            },
            "gridsterCoords": {
               "h": 6,
               "w": 6,
               "x": 1,
               "y": 1
            },
            "height": 324,
            "id": "c2d4f873-cf53-4b00-8264-921b4a91c5a6",
            "title": "Growth Total Environment",
            "type": "View"
         },
         {
            "collapsed": false,
            "config": {
               "additionalColumns": [
                  {
                     "boxLabel": "Version",
                     "metricKey": "summary|version",
                     "metricName": "Summary|Version",
                     "resourceKindId": "resourceKind:id:0_::_"
                  },
                  {
                     "boxLabel": "Powered Off VMs",
                     "metricKey": "summary|number_poweredOff_vms",
                     "metricName": "Summary|Number of Powered Off VMs",
                     "resourceKindId": "resourceKind:id:0_::_"
                  },
                  {
                     "boxLabel": "Running Hosts",
                     "metricKey": "summary|number_running_hosts",
                     "metricName": "Summary|Number of Running Hosts",
                     "resourceKindId": "resourceKind:id:0_::_"
                  },
                  {
                     "boxLabel": "Running VMs",
                     "metricKey": "summary|number_running_vms",
                     "metricName": "Summary|Number of Running VMs (Virtual Machines)",
                     "resourceKindId": "resourceKind:id:0_::_"
                  }
               ],
               "mode": 0,
               "refreshContent": {"refreshContent": true},
               "refreshInterval": 300,
               "selectFirstRow": {"selectFirstRow": true},
               "tagFilter": {
                  "path": ["/source/kind/kind:resourceKind:id:0_::_"],
                  "value": {
                     "adapterInstance": [],
                     "adapterKind": [],
                     "bus": [],
                     "collector": [],
                     "day": [],
                     "exclaim": false,
                     "healthRange": [],
                     "kind": ["resourceKind:id:0_::_"],
                     "maintenanceSchedule": [],
                     "state": [],
                     "status": [],
                     "tag": [],
                     "tier": []
                  }
               },
               "title": "Select vCenter (Growth per vCenter)"
            },
            "gridsterCoords": {
               "h": 18,
               "w": 4,
               "x": 1,
               "y": 7
            },
            "height": 1008,
            "id": "89a37a9b-bfac-462e-8008-db87a76bab13",
            "states": [{
               "key": "permResGrid_widget_6fd2859b-8543-4cd5-92e2-0e7fc141a5f2_89a37a9b-bfac-462e-8008-db87a76bab13",
               "value": "o%3Acolumns%3Da%253Ao%25253Aid%25253Ds%2525253Ah1%25255Ehidden%25253Db%2525253A1%25255Ewidth%25253Dn%2525253A100%255Eo%25253Aid%25253Ds%2525253Ah2%25255Ewidth%25253Dn%2525253A97%255Eo%25253Aid%25253Ds%2525253Ah3%25255Ehidden%25253Db%2525253A1%25255Ewidth%25253Dn%2525253A100%255Eo%25253Aid%25253Ds%2525253Ah4%25255Ehidden%25253Db%2525253A1%255Eo%25253Aid%25253Ds%2525253Ah5%25255Ehidden%25253Db%2525253A1%255Eo%25253Aid%25253Ds%2525253Ah6%25255Ehidden%25253Db%2525253A1%255Eo%25253Aid%25253Ds%2525253Ah7%25255Ehidden%25253Db%2525253A1%25255Ewidth%25253Dn%2525253A100%255Eo%25253Aid%25253Ds%2525253Ah8%25255Ehidden%25253Db%2525253A1%25255Ewidth%25253Dn%2525253A100%255Eo%25253Aid%25253Ds%2525253Ah9%25255Ehidden%25253Db%2525253A1%25255Ewidth%25253Dn%2525253A100%255Eo%25253Aid%25253Ds%2525253Ah10%25255Ehidden%25253Db%2525253A1%25255Ewidth%25253Dn%2525253A100%255Eo%25253Aid%25253Ds%2525253Ah11%25255Ehidden%25253Db%2525253A1%25255Ewidth%25253Dn%2525253A100%255Eo%25253Aid%25253Ds%2525253Ah12%25255Ehidden%25253Db%2525253A1%25255Ewidth%25253Dn%2525253A100%255Eo%25253Aid%25253Ds%2525253Ah13%25255Ehidden%25253Db%2525253A1%25255Ewidth%25253Dn%2525253A100%255Eo%25253Aid%25253Ds%2525253Ah14%25255Ehidden%25253Db%2525253A1%255Eo%25253Aid%25253Ds%2525253Ah15%25255Ehidden%25253Db%2525253A1%255Eo%25253Aid%25253Ds%2525253Ah16%25255Ehidden%25253Db%2525253A1%25255Ewidth%25253Dn%2525253A100%255Eo%25253Aid%25253Ds%2525253Ah17%25255Ehidden%25253Db%2525253A0%25255Ewidth%25253Dn%2525253A104%255Eo%25253Aid%25253Ds%2525253Ah18%25255Ehidden%25253Db%2525253A0%25255Ewidth%25253Dn%2525253A106%255Eo%25253Aid%25253Ds%2525253Ah19%25255Ehidden%25253Db%2525253A0%25255Ewidth%25253Dn%2525253A83%255Eo%25253Aid%25253Ds%2525253Ah20%25255Ehidden%25253Db%2525253A0%25255Ewidth%25253Dn%2525253A75%255Eo%25253Aid%25253Ds%2525253Ah21%25255Ehidden%25253Db%2525253A1%25255Ewidth%25253Dn%2525253A100%255Eo%25253Aid%25253Ds%2525253Ah22%25255Ehidden%25253Db%2525253A1%25255Ewidth%25253Dn%2525253A100%255Eo%25253Aid%25253Ds%2525253Ah23%25255Ehidden%25253Db%2525253A1%25255Ewidth%25253Dn%2525253A100%255Eo%25253Aid%25253Ds%2525253Ah24%25255Ehidden%25253Db%2525253A1%25255Ewidth%25253Dn%2525253A100%255Eo%25253Aid%25253Ds%2525253Ah25%25255Ehidden%25253Db%2525253A1%25255Ewidth%25253Dn%2525253A100%255Eo%25253Aid%25253Ds%2525253Ah26%25255Ehidden%25253Db%2525253A1%25255Ewidth%25253Dn%2525253A100%255Eo%25253Aid%25253Ds%2525253Ah27%25255Ehidden%25253Db%2525253A1%25255Ewidth%25253Dn%2525253A100%255Eo%25253Aid%25253Ds%2525253Ah28%25255Ehidden%25253Db%2525253A1%25255Ewidth%25253Dn%2525253A100%255Eo%25253Aid%25253Ds%2525253Ah29%25255Ehidden%25253Db%2525253A1%25255Ewidth%25253Dn%2525253A100%255Eo%25253Aid%25253Ds%2525253Ah30%25255Ehidden%25253Db%2525253A1%25255Ewidth%25253Dn%2525253A100%255Eo%25253Aid%25253Ds%2525253Ah31%25255Ehidden%25253Db%2525253A1%25255Ewidth%25253Dn%2525253A100%255Eo%25253Aid%25253Ds%2525253Ah32%25255Ehidden%25253Db%2525253A1%25255Ewidth%25253Dn%2525253A100%255Eo%25253Aid%25253Ds%2525253Ah33%25255Ehidden%25253Db%2525253A1%25255Ewidth%25253Dn%2525253A100%255Eo%25253Aid%25253Ds%2525253Ah34%25255Ehidden%25253Db%2525253A1%25255Ewidth%25253Dn%2525253A100%255Eo%25253Aid%25253Ds%2525253Ah35%25255Ehidden%25253Db%2525253A1%25255Ewidth%25253Dn%2525253A100%255Eo%25253Aid%25253Ds%2525253Ah36%25255Ehidden%25253Db%2525253A1%25255Ewidth%25253Dn%2525253A100%255Eo%25253Aid%25253Ds%2525253Ah37%25255Ehidden%25253Db%2525253A1%25255Ewidth%25253Dn%2525253A100%255Eo%25253Aid%25253Ds%2525253Ah38%25255Ehidden%25253Db%2525253A1%25255Ewidth%25253Dn%2525253A100%255Eo%25253Aid%25253Ds%2525253Ah39%25255Ehidden%25253Db%2525253A1%25255Ewidth%25253Dn%2525253A100%255Eo%25253Aid%25253Ds%2525253Ah40%25255Ehidden%25253Db%2525253A1%25255Ewidth%25253Dn%2525253A100%255Eo%25253Aid%25253Ds%2525253Ah41%25255Ehidden%25253Db%2525253A1%25255Ewidth%25253Dn%2525253A100%255Eo%25253Aid%25253Ds%2525253Ah42%25255Ehidden%25253Db%2525253A1%25255Ewidth%25253Dn%2525253A100%255Eo%25253Aid%25253Ds%2525253Ah43%25255Ehidden%25253Db%2525253A1%25255Ewidth%25253Dn%2525253A100%255Eo%25253Aid%25253Ds%2525253Ah44%25255Ehidden%25253Db%2525253A1%25255Ewidth%25253Dn%2525253A100%255Eo%25253Aid%25253Ds%2525253Ah45%25255Ehidden%25253Db%2525253A1%25255Ewidth%25253Dn%2525253A100%255Eo%25253Aid%25253Ds%2525253Ah46%25255Ehidden%25253Db%2525253A1%25255Ewidth%25253Dn%2525253A100"
            }],
            "title": "Select vCenter (Growth per vCenter)",
            "type": "ResourceList"
         },
         {
            "collapsed": false,
            "config": {
               "resource": {
                  "adapterKindId": "VMWARE",
                  "allowDrag": true,
                  "allowDrop": true,
                  "checked": null,
                  "children": null,
                  "cls": "",
                  "depth": 1,
                  "expandable": true,
                  "expanded": false,
                  "href": "",
                  "hrefTarget": "",
                  "icon": "",
                  "iconCls": "resknd_default_vmware_vsphereworld",
                  "iconSrc": "images/resknd/default/16x16/VMWARE_vSphere World.png",
                  "id": "4d045573-547d-4162-bd18-95f2c9754952",
                  "index": 0,
                  "isFirst": true,
                  "isLast": true,
                  "leaf": false,
                  "loaded": false,
                  "loading": false,
                  "nodeType": "resource",
                  "parentId": "source",
                  "qshowDelay": 0,
                  "qtip": "",
                  "qtitle": "",
                  "resourceId": "resource:id:0_::_",
                  "resourceKindId": "002006VMWAREvSphere World",
                  "resourceKindKey": "vSphere World",
                  "resourceKindType": 8,
                  "resourceName": "vSphere World",
                  "root": false,
                  "rootResourceId": "4d045573-547d-4162-bd18-95f2c9754952",
                  "text": "vSphere World",
                  "traversalSpecId": "vSphere Hosts and Clusters-VMWARE-vSphere World",
                  "uniqueId": "4d045573-547d-4162-bd18-95f2c9754952_1545387930665",
                  "visible": true
               },
               "selfProvider": {"selfProvider": true},
               "title": "Growth Total Environment Trend",
               "viewDefinitionId": "d408556b-3cfc-48e3-96f6-66fabeae7e93"
            },
            "gridsterCoords": {
               "h": 6,
               "w": 6,
               "x": 7,
               "y": 1
            },
            "height": 324,
            "id": "81a2f884-1846-454f-b057-c1efdb47feba",
            "title": "Growth Total Environment Trend",
            "type": "View"
         },
         {
            "collapsed": false,
            "config": {
               "resource": null,
               "selfProvider": {"selfProvider": false},
               "title": "VM Growth Trend (Per vCenter)",
               "viewDefinitionId": "55405509-680b-4ccb-923c-6529e2ce7550"
            },
            "gridsterCoords": {
               "h": 6,
               "w": 8,
               "x": 5,
               "y": 7
            },
            "height": 324,
            "id": "c45be6a0-2451-480d-94cb-4605aac76c28",
            "title": "VM Growth Trend (Per vCenter)",
            "type": "View"
         },
         {
            "collapsed": false,
            "config": {
               "resource": null,
               "selfProvider": {"selfProvider": false},
               "title": "Hosts Growth Trend  (Per vCenter)",
               "viewDefinitionId": "98971cbe-4b37-4425-9a9b-5f94c705697c"
            },
            "gridsterCoords": {
               "h": 6,
               "w": 8,
               "x": 5,
               "y": 13
            },
            "height": 324,
            "id": "b963923a-df59-4bf9-bed0-33c6c1aa5337",
            "title": "Hosts Growth Trend  (Per vCenter)",
            "type": "View"
         },
         {
            "collapsed": false,
            "config": {
               "resource": null,
               "selfProvider": {"selfProvider": false},
               "title": "Datastores Growth Trend (Per vCenter)",
               "viewDefinitionId": "635d460e-2a34-45c0-9ade-3a8b8c011f6d"
            },
            "gridsterCoords": {
               "h": 6,
               "w": 8,
               "x": 5,
               "y": 19
            },
            "height": 324,
            "id": "2ba9d7ac-4550-44bb-9d1f-7e3f4960f1be",
            "title": "Datastores Growth Trend (Per vCenter)",
            "type": "View"
         }
      ]
   }],
   "entries": {
      "resource": [{
         "adapterKindKey": "VMWARE",
         "identifiers": [],
         "internalId": "resource:id:0_::_",
         "name": "vSphere World",
         "resourceKindKey": "vSphere World"
      }],
      "resourceKind": [{
         "adapterKindKey": "VMWARE",
         "internalId": "resourceKind:id:0_::_",
         "resourceKindKey": "VMwareAdapter Instance"
      }]
   },
   "uuid": "dc82d2ab-a0f4-4be0-8a94-4b4eca84df56"
}